{
    "566604399523266580": {
        "access_token": "ff91Zps1lK4fVhK0RKzJUDM9nMU8gy",
        "id": "566604399523266580"
    },
    "1040030130837401640": {
        "access_token": "weS2E9UbNWEBDxV8pAGm8kgfWEO9F0",
        "id": "1040030130837401640"
    },
    "1142789320353259631": {
        "access_token": "9xR10IAqLgQrXf6dPNndcnPNR8Qkaa",
        "id": "1142789320353259631"
    },
    "930924322023940137": {
        "access_token": "CzOiW7a8jH1C0HFMAajRPsU4bsLx2Y",
        "id": "930924322023940137"
    },
    "1088986863873830912": {
        "access_token": "H37K8FHMuvgP9CcgujBGyBEnFX6qWr",
        "id": "1088986863873830912"
    },
    "339582991984623617": {
        "access_token": "Tju6BYcVFobaIoIOJSzkovRtX4M4IY",
        "id": "339582991984623617"
    },
    "1182805107050549338": {
        "access_token": "5V8LpHXw72MpP9O1Uc4n7ODNEAGkno",
        "id": "1182805107050549338"
    },
    "1258870534796738742": {
        "access_token": "ttgd1f0udNrQxB5FAVQ35FOn94nQl0",
        "id": "1258870534796738742"
    },
    "1067376627610292245": {
        "access_token": "1Fjs5a9qthI4lFd2Mt9bLCScwCvNfT",
        "id": "1067376627610292245"
    },
    "915689279605342218": {
        "access_token": "S2vqPK5sI91VjNWunDSR7ObYuxHbFz",
        "id": "915689279605342218"
    },
    "726883967739101234": {
        "access_token": "J88WpOyxxhqEVn43tOwC8Sb4GEQZxq",
        "id": "726883967739101234"
    },
    "1107394776053071962": {
        "access_token": "fdNILGMX5sv6mYr96hIblHCRzoshGG",
        "id": "1107394776053071962"
    },
    "730964747251482624": {
        "access_token": "jOYQuxZ2Mwm1Ug8kjpIJvYjS7M6PQ2",
        "id": "730964747251482624"
    },
    "1148933797346279484": {
        "access_token": "pufMikr2pXZyN0wc9IpqwATA8hSGL5",
        "id": "1148933797346279484"
    },
    "1194363098832847099": {
        "access_token": "qdx89WRdVYutq4wQOHrtV9HqAujkMq",
        "id": "1194363098832847099"
    },
    "618078478755037185": {
        "access_token": "S1QGCribXWqGflL4L7RYdYqPFrBKay",
        "id": "618078478755037185"
    },
    "1095492295324868618": {
        "access_token": "dqxcBV6JeUyQjwnc5ezLALIAwHMQ1t",
        "id": "1095492295324868618"
    },
    "1096029103435563048": {
        "access_token": "lhG44433EDWjdCCTPQEk96lHq8CKlR",
        "id": "1096029103435563048"
    },
    "752635598300250194": {
        "access_token": "GrdmwbSDkV4nK2wUk9S72AYR0KMKKD",
        "id": "752635598300250194"
    },
    "1252558219432169537": {
        "access_token": "xhnNZeoJcebGfZCMy6YnGvMFSLsFPd",
        "id": "1252558219432169537"
    }
}