{
    "RunningGiveaway_1186096397448134798": [],
    "1246512773215686688_1259778400726552598_Members": [
        "1040030130837401640"
    ],
    "1259778400726552598_Data": {
        "Winner": [
            "<@!1040030130837401640>"
        ],
        "Reroll": [
            "1040030130837401640"
        ],
        "Prize": "101",
        "channelID": "1246512773261688848"
    },
    "RunningGiveaway_1186098992283660399": [
        {
            "Time": "2024-07-20 23:34:54",
            "RealEndsTime": "2024-07-20 23:34:54",
            "StartedTime": "2024-07-10 23:34:54",
            "messageID": "1260695773184786554",
            "Status": "true",
            "channelID": "1259959287254487225",
            "guild": "1259953447650852914",
            "Winners": 5,
            "Reroll": [],
            "winner": "null",
            "Pause": "false",
            "Started": "false",
            "Channel": "1259959287254487225",
            "Prize": "Roll Vip",
            "Ended": "false"
        },
        {
            "Time": "2024-07-20 23:35:15",
            "RealEndsTime": "2024-07-20 23:35:15",
            "StartedTime": "2024-07-10 23:35:15",
            "messageID": "1260695861634273330",
            "Status": "true",
            "channelID": "1259959287254487225",
            "guild": "1259953447650852914",
            "Winners": 4,
            "Reroll": [],
            "winner": "null",
            "Pause": "false",
            "Started": "false",
            "Channel": "1259959287254487225",
            "Prize": "400k",
            "Ended": "false"
        }
    ],
    "1259953447650852914_1260695773184786554_Members": [
        "1063820791554256928",
        "1115726176724471858"
    ],
    "1259953447650852914_1260695861634273330_Members": [
        "1063820791554256928",
        "1115726176724471858"
    ]
}