{
    "ticketData_1186096397448134798_1259808551463948298": {
        "panal_categoryID": "1246512773261688847",
        "button_name": "a",
        "button_color": 1,
        "button_emoji": null,
        "support_role": "1255054651708014694",
        "modals": [],
        "welcome": {
            "message": "e",
            "type": "embed"
        }
    },
    "ticketData_1186096397448134798_1259809016432037918": {
        "panal_categoryID": "1246512773261688850",
        "button_name": "a",
        "button_color": "2",
        "button_emoji": "<:fe77623124e54cde82bc6e88a666b0e1:1252002771813535764>",
        "support_role": "1246512773261688843",
        "modals": [],
        "welcome": {
            "message": "a7a",
            "type": "message"
        }
    },
    "ticketData_1186096757050986607_1259925915023179836": {
        "panal_categoryID": "1254088242844794942",
        "button_name": "Support",
        "button_color": 1,
        "button_emoji": null,
        "support_role": "1254073816716546142",
        "modals": [],
        "welcome": {
            "message": "Welcome To Your Ticket Please Type Reason Open Ticket",
            "type": "embed"
        }
    },
    "ticketData_1186096757050986607_1259937581572030464": {
        "panal_categoryID": "1254088242844794942",
        "button_name": "Support",
        "button_color": 1,
        "button_emoji": null,
        "support_role": "1254073816716546142",
        "modals": [],
        "welcome": {
            "message": "Welcome To Your Ticket Please Type Reason Open Ticket",
            "type": "embed"
        }
    },
    "ticketData_1186096757050986607_1259938006295646259": {
        "panal_categoryID": "1254088242844794942",
        "button_name": "Support",
        "button_color": 1,
        "button_emoji": null,
        "support_role": "1254073816716546142",
        "modals": [],
        "welcome": {
            "message": "Welcome To Your Ticket Please Type Reason Open Ticket",
            "type": "embed"
        }
    },
    "ticketData_1186096757050986607_1260141166419120230": {
        "panal_categoryID": "1254088242844794942",
        "button_name": "Support",
        "button_color": 1,
        "button_emoji": null,
        "support_role": "1254073816716546142",
        "modals": [],
        "welcome": {
            "message": "Welcome To Your Ticket Please Type Reason Open Ticket",
            "type": "embed"
        }
    },
    "ticketData_1186096757050986607_1260192217146982400": {
        "panal_categoryID": "1254088242844794942",
        "button_name": "Support",
        "button_color": 1,
        "button_emoji": null,
        "support_role": "1254073816716546142",
        "modals": [],
        "welcome": {
            "message": "Welcome To Your Ticket Please Type Reason Open Ticket",
            "type": "embed"
        }
    },
    "ticketData_1186097624521121852_1260210942197891115": {
        "panal_categoryID": "1255520579683877007",
        "button_name": "شراء",
        "button_color": "4",
        "button_emoji": "📨",
        "support_role": "1257094183223824496",
        "modals": [],
        "welcome": {
            "message": "الشلام عليكم",
            "type": "embed"
        }
    },
    "1260210942197891115_claimed": "1187864465979486299",
    "ticketData_1186096757050986607_1260218085604982926": {
        "panal_categoryID": "1254088242844794942",
        "button_name": "Support",
        "button_color": 1,
        "button_emoji": null,
        "support_role": "1254073816716546142",
        "modals": [],
        "welcome": {
            "message": "Welcome To Your Ticket Please Type Reason Open Ticket",
            "type": "embed"
        }
    },
    "ticketData_1186097411383365773_1260243293187477617": {
        "panal_categoryID": "1230195939214495827",
        "button_name": "tst",
        "button_color": 1,
        "button_emoji": null,
        "support_role": "1230198022781014026",
        "modals": [],
        "welcome": {
            "message": "تست",
            "type": "embed"
        }
    },
    "1260243293187477617_claimed": "1142789320353259631",
    "ticketData_1186099133552009287_1260546974210588692": {
        "panal_categoryID": "1260011976466370590",
        "button_name": "دعم فني",
        "button_color": "1",
        "button_emoji": "🔥",
        "support_role": "1241787714328596480",
        "modals": [],
        "welcome": {
            "message": ".",
            "type": "embed"
        }
    },
    "ticketData_1186099133552009287_1260546986705420320": {
        "panal_categoryID": "1260011976466370590",
        "button_name": "دعم فني",
        "button_color": "1",
        "button_emoji": "🔥",
        "support_role": "1241787714328596480",
        "modals": [],
        "welcome": {
            "message": ".",
            "type": "embed"
        }
    },
    "ticketData_1186099133552009287_1260548159529156631": {
        "panal_categoryID": "1260011976466370590",
        "button_name": "الدعم الفني",
        "button_color": "1",
        "button_emoji": "📒",
        "support_role": "1241787732691259533",
        "modals": [],
        "welcome": {
            "message": ".",
            "type": "embed"
        }
    },
    "ticketData_1186099133552009287_1260549401340940349": {
        "panal_categoryID": "1260011976466370590",
        "button_name": "الدعم الفني",
        "button_color": "1",
        "button_emoji": "📒",
        "support_role": "1241787732691259533",
        "modals": [],
        "welcome": {
            "message": ".",
            "type": "embed"
        }
    },
    "ticketData_1186099133552009287_1260549498531483773": {
        "panal_categoryID": "1260011976466370590",
        "button_name": "الدعم الفني",
        "button_color": "1",
        "button_emoji": "📒",
        "support_role": "1241787732691259533",
        "modals": [],
        "welcome": {
            "message": ".",
            "type": "embed"
        }
    },
    "ticketData_1186099133552009287_1260557517344215072": {
        "panal_categoryID": "1260011976466370590",
        "button_name": "الدعم الفني",
        "button_color": "1",
        "button_emoji": "📒",
        "support_role": "1241787732691259533",
        "modals": [],
        "welcome": {
            "message": ".",
            "type": "embed"
        }
    },
    "ticketData_1186099133552009287_1260560387288338564": {
        "panal_categoryID": "1260011976466370590",
        "button_name": "الدعم الفني",
        "button_color": "1",
        "button_emoji": "📒",
        "support_role": "1241787732691259533",
        "modals": [],
        "welcome": {
            "message": ".",
            "type": "embed"
        }
    },
    "ticketData_1186099133552009287_1260596181168291942": {
        "panal_categoryID": "1260011976466370590",
        "button_name": "الدعم الفني",
        "button_color": "1",
        "button_emoji": "📒",
        "support_role": "1241787732691259533",
        "modals": [],
        "welcome": {
            "message": ".",
            "type": "embed"
        }
    },
    "ticketData_1186098789031874630_1260688670524964936": {
        "panal_categoryID": "1259959297664745623",
        "button_name": "للمساعدة اضغط هنا",
        "button_color": "4",
        "button_emoji": "🦅",
        "support_role": "1259954752096305204",
        "modals": [],
        "welcome": {
            "message": "اهلا نتمنى ان تنتظر ادارة",
            "type": "embed"
        }
    },
    "ticketData_1186098789031874630_1260689126769033346": {
        "panal_categoryID": "1259959297664745623",
        "button_name": "للمساعدة فنية اضغط هنا",
        "button_color": 1,
        "button_emoji": "🦅",
        "support_role": "1259954752096305204",
        "modals": [],
        "welcome": {
            "message": "انتظر ادارة ترد عليك ولاتمنشن",
            "type": "embed"
        }
    },
    "ticketData_1186098789031874630_1260703222981726279": {
        "panal_categoryID": "1259959297664745623",
        "button_name": "للمساعدة فنية اضغط هنا",
        "button_color": 1,
        "button_emoji": "🦅",
        "support_role": "1259954752096305204",
        "modals": [],
        "welcome": {
            "message": "انتظر ادارة ترد عليك ولاتمنشن",
            "type": "embed"
        }
    },
    "ticketData_1186099133552009287_1260883614670000208": {
        "panal_categoryID": "1260011976466370590",
        "button_name": "الدعم الفني",
        "button_color": "1",
        "button_emoji": "📒",
        "support_role": "1241787732691259533",
        "modals": [],
        "welcome": {
            "message": ".",
            "type": "embed"
        }
    },
    "ticketData_1186099133552009287_1260961390240333874": {
        "panal_categoryID": "1260011976466370590",
        "button_name": "الدعم الفني",
        "button_color": "1",
        "button_emoji": "📒",
        "support_role": "1241787732691259533",
        "modals": [],
        "welcome": {
            "message": ".",
            "type": "embed"
        }
    },
    "ticketData_1186099133552009287_1260963556615262310": {
        "panal_categoryID": "1260011976466370590",
        "button_name": "الدعم الفني",
        "button_color": "1",
        "button_emoji": "📒",
        "support_role": "1241787732691259533",
        "modals": [],
        "welcome": {
            "message": ".",
            "type": "embed"
        }
    },
    "ticketData_1186099133552009287_1260963564751949897": {
        "panal_categoryID": "1260011976466370590",
        "button_name": "الدعم الفني",
        "button_color": "1",
        "button_emoji": "📒",
        "support_role": "1241787732691259533",
        "modals": [],
        "welcome": {
            "message": ".",
            "type": "embed"
        }
    },
    "ticketData_1186099060977963080_1261035453419622420": {
        "panal_categoryID": "1260493301300068404",
        "button_name": "للحصول علي بريميوم الخاص ب خادم بصمه",
        "button_color": "4",
        "button_emoji": "<a:blue:1260679898499121263>",
        "support_role": "1259076752135684159",
        "modals": [],
        "welcome": {
            "message": "** مرحبا بك في التكت لشراء الرتبه يجب علي استعمال امر التحويل الي في الاسفل وي انتظار تسيلم الرتبه لم تحول لا يتم تسيلمك الرتبه **\n\n`c 930924322023940137 1052632 بريميوم بصمه `",
            "type": "message"
        }
    },
    "1261035453419622420_claimed": "930924322023940137",
    "ticketData_1186099060977963080_1261043629330534573": {
        "panal_categoryID": "1260493301300068404",
        "button_name": "للحصول علي بريميوم الخاص ب خادم بصمه",
        "button_color": "4",
        "button_emoji": "<a:blue:1260679898499121263>",
        "support_role": "1259076752135684159",
        "modals": [],
        "welcome": {
            "message": "** مرحبا بك في التكت لشراء الرتبه يجب علي استعمال امر التحويل الي في الاسفل وي انتظار تسيلم الرتبه لم تحول لا يتم تسيلمك الرتبه **\n\n`c 930924322023940137 1052632 بريميوم بصمه `",
            "type": "message"
        }
    },
    "ticketData_1186099060977963080_1261044927584800959": {
        "panal_categoryID": "1260493301300068404",
        "button_name": "للحصول علي بريميوم الخاص ب خادم بصمه",
        "button_color": "4",
        "button_emoji": "<a:blue:1260679898499121263>",
        "support_role": "1259076752135684159",
        "modals": [],
        "welcome": {
            "message": "** مرحبا بك في التكت لشراء الرتبه يجب علي استعمال امر التحويل الي في الاسفل وي انتظار تسيلم الرتبه لم تحول لا يتم تسيلمك الرتبه **\n\n`c 930924322023940137 1052632 بريميوم بصمه `",
            "type": "message"
        }
    },
    "ticketData_1186099060977963080_1261056632314531911": {
        "panal_categoryID": "1260493301300068404",
        "button_name": "للحصول علي بريميوم الخاص ب خادم بصمه",
        "button_color": "4",
        "button_emoji": "<a:blue:1260679898499121263>",
        "support_role": "1259076752135684159",
        "modals": [],
        "welcome": {
            "message": "** مرحبا بك في التكت لشراء الرتبه يجب علي استعمال امر التحويل الي في الاسفل وي انتظار تسيلم الرتبه لم تحول لا يتم تسيلمك الرتبه **\n\n`c 930924322023940137 1052632 بريميوم بصمه `",
            "type": "message"
        }
    },
    "ticketData_1186099060977963080_1261061075844206644": {
        "panal_categoryID": "1260493301300068404",
        "button_name": "للحصول علي بريميوم الخاص ب خادم بصمه",
        "button_color": "4",
        "button_emoji": "<a:blue:1260679898499121263>",
        "support_role": "1259076752135684159",
        "modals": [],
        "welcome": {
            "message": "** مرحبا بك في التكت لشراء الرتبه يجب علي استعمال امر التحويل الي في الاسفل وي انتظار تسيلم الرتبه لم تحول لا يتم تسيلمك الرتبه **\n\n`c 930924322023940137 1052632 بريميوم بصمه `",
            "type": "message"
        }
    },
    "ticketData_1186099060977963080_1261071857256501360": {
        "panal_categoryID": "1260493301300068404",
        "button_name": "للحصول علي بريميوم الخاص ب خادم بصمه",
        "button_color": "4",
        "button_emoji": "<a:blue:1260679898499121263>",
        "support_role": "1259076752135684159",
        "modals": [],
        "welcome": {
            "message": "** مرحبا بك في التكت لشراء الرتبه يجب علي استعمال امر التحويل الي في الاسفل وي انتظار تسيلم الرتبه لم تحول لا يتم تسيلمك الرتبه **\n\n`c 930924322023940137 1052632 بريميوم بصمه `",
            "type": "message"
        }
    },
    "ticketData_1186099060977963080_1261072471067590696": {
        "panal_categoryID": "1260493301300068404",
        "button_name": "للحصول علي بريميوم الخاص ب خادم بصمه",
        "button_color": "4",
        "button_emoji": "<a:blue:1260679898499121263>",
        "support_role": "1259076752135684159",
        "modals": [],
        "welcome": {
            "message": "** مرحبا بك في التكت لشراء الرتبه يجب علي استعمال امر التحويل الي في الاسفل وي انتظار تسيلم الرتبه لم تحول لا يتم تسيلمك الرتبه **\n\n`c 930924322023940137 1052632 بريميوم بصمه `",
            "type": "message"
        }
    },
    "ticketData_1186099133552009287_1261096944001093692": {
        "panal_categoryID": "1260011976466370590",
        "button_name": "الدعم الفني",
        "button_color": "1",
        "button_emoji": "📒",
        "support_role": "1241787732691259533",
        "modals": [],
        "welcome": {
            "message": ".",
            "type": "embed"
        }
    },
    "ticketData_1186099133552009287_1261103321502974033": {
        "panal_categoryID": "1260011976466370590",
        "button_name": "الدعم الفني",
        "button_color": "1",
        "button_emoji": "📒",
        "support_role": "1241787732691259533",
        "modals": [],
        "welcome": {
            "message": ".",
            "type": "embed"
        }
    },
    "ticketData_1186099060977963080_1261177213747728425": {
        "panal_categoryID": "1260493301300068404",
        "button_name": "للحصول علي بريميوم الخاص ب خادم بصمه",
        "button_color": "4",
        "button_emoji": "<a:blue:1260679898499121263>",
        "support_role": "1259076752135684159",
        "modals": [],
        "welcome": {
            "message": "** مرحبا بك في التكت لشراء الرتبه يجب علي استعمال امر التحويل الي في الاسفل وي انتظار تسيلم الرتبه لم تحول لا يتم تسيلمك الرتبه **\n\n`c 930924322023940137 1052632 بريميوم بصمه `",
            "type": "message"
        }
    },
    "ticketData_1186099060977963080_1261204339847069727": {
        "panal_categoryID": "1260493301300068404",
        "button_name": "للحصول علي بريميوم الخاص ب خادم بصمه",
        "button_color": "4",
        "button_emoji": "<a:blue:1260679898499121263>",
        "support_role": "1259076752135684159",
        "modals": [],
        "welcome": {
            "message": "** مرحبا بك في التكت لشراء الرتبه يجب علي استعمال امر التحويل الي في الاسفل وي انتظار تسيلم الرتبه لم تحول لا يتم تسيلمك الرتبه **\n\n`c 930924322023940137 1052632 بريميوم بصمه `",
            "type": "message"
        }
    },
    "ticketData_1186098789031874630_1261266105138155541": {
        "panal_categoryID": "1259959286222815274",
        "button_name": "لفتح تكت اكبس هنا",
        "button_color": 1,
        "button_emoji": "🦅",
        "support_role": "1259954752096305204",
        "modals": [],
        "welcome": {
            "message": "سلام عليكم\nحياك الله\nانتظر ادارة\nعدم منشن\nانتظر رد\nوعدم سب وشتم\nاحترام ادارة",
            "type": "embed"
        }
    },
    "ticketData_1186099060977963080_1261314031063666700": {
        "panal_categoryID": "1260493301300068404",
        "button_name": "للحصول علي بريميوم الخاص ب خادم بصمه",
        "button_color": "4",
        "button_emoji": "<a:blue:1260679898499121263>",
        "support_role": "1259076752135684159",
        "modals": [],
        "welcome": {
            "message": "** مرحبا بك في التكت لشراء الرتبه يجب علي استعمال امر التحويل الي في الاسفل وي انتظار تسيلم الرتبه لم تحول لا يتم تسيلمك الرتبه **\n\n`c 930924322023940137 1052632 بريميوم بصمه `",
            "type": "message"
        }
    }
}