{
    "Support": [],
    "AR": {
        "NotFound": {
            "Reply1": "عذرًا، لا يمكنني العثور على هذا الأمر",
            "Reply2": "عذرًا، لا يمكنني العثور على الغرفه",
            "Reply3": "عذرًا، لا يمكنني العثور على الشخص",
            "Reply4": "عذرًا، لا يمكنني العثور على العضو",
            "Reply5": "عذرًا، لا يمكنني العثور على هذه الرتبة"
        },
        "Errors": {
            "Reply1": "حدث خطأ أثناء تنفيذ هذا الأمر",
            "Reply2": "حدث خطأ أثناء تفعيل الأمر",
            "Reply3": "حدث خطأ اثناء تشغيل هذا الامر رجاء قم بالإبلاغ عن مشكله ليتم حلها في اسرع وقت ممكن\nمعرف الخطا: [ID]",
            "Reply4": "حدث خطأ أثناء تنفيذ هذا الأمر، الرجاء التحقق من صلاحياتي",
            "Reply5": "مرحبا, [USER] تم ملاحظه انك تواجه مشكله في استخدام هذا الامر **[COMMAND]** رجاء قم ببلاغ عن مشكله ليتم حليها في اقرب وقت\nمعرف الخطا: [ID]"
        },
        "Others": {
            "Reply1": "يجب إدراج رابط خاص بالصورة",
            "Reply2": "الرجاء وضع رابط الخط المطلوب بعد الأمر",
            "Reply3": "الرجاء عمل منشن للغرفة بعد الأمر",
            "Reply4": "الرجاء عمل منشن للشخص المطلوب بعد الأمر",
            "Reply5": "الرجاء عمل منشن للرتبة المطلوبة بعد الأمر",
            "Reply6": "جارٍ معالجة المعلومات الآن",
            "Reply7": "لا يمكنك استخدام هذا الأمر على نفسك",
            "Reply8": "تم تعطيل هذا الأمر مؤقتًا من قِبل المطور",
            "Reply9": "تم تعيين مالك البوت الجديد [USER]",
            "Reply10": "تم تغير بادئه البوت الي [PREFIX]",
            "Reply11": "يجب كتابه البادئه الجديده بعد الامر",
            "Reply12": "الصوره التي تم إدراجها غير صالحه",
            "Reply13": "هذه الميزه غير متاحة في البوت الخاص بك",
            "Reply14": "مرحبا, [USER] انا [CLIENT] و البادئه خاصتي تكون `[PREFIX]`",
            "Reply15": "https://discord.gg/zhWcdHWMyH",
            "Reply16": "الدعم فني",
            "Developers": [
                "807814162234867734"
            ],
            "Owners": [
                "807814162234867734"
            ],
            "Support": [],
            "Reply17": "احتاج الي صلاحيه [PREM] لتشغيل هذا الامر",
            "Reply18": "انت لا تمتلك صلاحيه [PREM] لاستخدام هذا الامر"
        },
        "Owner": {
            "Reply1": "تم تغيير صورة البوت بنجاح",
            "Reply2": "تم تغيير اسم البوت بنجاح",
            "Reply3": "سيتم تغيير حالة البوت خلال ثوانٍ",
            "Reply4": "الوقت المتبقي [DAYS] يوم [HOURS] ساعة",
            "Reply5": "يجب ان يتكون الاسم من 31 حرف او اقل",
            "Reply6": "هذا الامر متاح فقط لمالك البوت",
            "Reply7": "رجاء قم برفع الصوره من جهازك",
            "Reply8": "قم بكتابه أسم البوت بعد الامر"
        },
        "Bots": {
            "Autoline": {
                "Reply1": "هذه [ROOM] ليست إحدى غرف الخط التلقائي",
                "Reply2": "هذه [ROOM] بالفعل ضمن غرف الخط التلقائي",
                "Reply3": "تم حذف [ROOM] من غرف الخط التلقائي بنجاح",
                "Reply4": "تم إضافة [ROOM] إلى غرف الخط التلقائي بنجاح",
                "Reply5": "قم بتعيين خط للسيرفر حتى تتمكن من استخدام هذا الأمر",
                "Reply6": "تم تعيين الخط الخاص بالسيرفر بنجاح",
                "Reply7": "قم بتعيين خط للسيرفر"
            },
            "Suggestion": {
                "Reply1": "هذه [ROOM] ليست إحدى غرف الاقتراحات",
                "Reply2": "هذه [ROOM] بالفعل ضمن غرف الاقتراحات",
                "Reply3": "تم تعيين الخط الخاص بالاقتراحات بنجاح",
                "Reply4": "تم حذف [ROOM] من غرف الاقتراحات بنجاح",
                "Reply5": "تم حفظ إيموجي الاقتراحات الجديدة",
                "Reply6": "تم إرجاع الإيموجيات الافتراضية للاقتراحات",
                "Reply7": "قم بسحب صوتك من التصويت بـ 'نعم' 🟢",
                "Reply8": "قم بسحب صوتك من التصويت بـ 'لا' 🔴",
                "Reply9": "لقد قمت بسحب صوتك",
                "Reply10": "شكرًا لمشاركتك بصوتك في الاقتراح",
                "Reply11": "تم حذف الخط الخاص بالاقترحات بنجاح",
                "Reply12": "تم إضافة [ROOM] إلى غرف الاقتراحات بنجاح",
                "Reply13": "رجاء قم بتثبيت خط للاقترحات",
                "Reply14": "تم ظبط نظام الاقترحات علي [MODE]"
            },
            "Tax": {
                "Reply1": "هذه [ROOM] ليست من ضمن غرف الضريبة",
                "Reply2": "هذه [ROOM] مصنفة بالفعل كغرفة ضريبة",
                "Reply3": "تم تعيين الخط الخاص بالضريبة بنجاح",
                "Reply4": "> [TAX]",
                "Reply5": "تم تغيير نظام الرسالة إلى [MODE]",
                "Reply6": "تم حذف [ROOM] من غرف الضريبه بنجاح",
                "Reply7": "تم إضافة [ROOM] إلى غرف الضريبه بنجاح",
                "Reply8": "تم حذف الخط الخاص بالضريبه بنجاح",
                "Reply9": "رجاء قم بتثبيت خط للضريبه"
            },
            "System": {
                "MOD": {
                    "Ban1": "تم حظر **[USER]** من السيرفر ✈️",
                    "Ban2": "لا تستطيع حظر **[USER]** ؛ لديه رتب مساوية أو أعلى منك",
                    "Ban3": "لم أتمكن من حظر **[USER]**؛ الرجاء مراجعة صلاحياتي في السيرفر",
                    "Ban4": "لم استطع حظر **[USER]**",
                    "Clear1": "لا استطيع حذف أكثر من **100** رسالة",
                    "Clear2": "يجب حذف **2** رسائل على الأقل",
                    "Clear3": "يتم الآن حذف `[NUMBER]` الرسائل",
                    "Clear4": "يجب تحديد عدد الرسائل بالارقام",
                    "Come1": "مرحبًا, **[USER]**\n: **[AUTHOR]** طلب حضورك إلى **[ROOM]**\nالرجاء التوجه إلى هناك في أسرع وقت",
                    "Come2": "تم إرسال استدعاء إلى **[USER]** بنجاح",
                    "Come3": "لم استطع إرسال الاستدعاء إلى **[USER]**",
                    "Embed1": "الرجاء كتابة محتوى رسالة الإمبد",
                    "Hide1": "تم إخفاء **[ROOM]** بنجاح",
                    "Kick1": "لا تستطيع طرد **[USER]**؛ لديه رتب مساوية أو أعلى منك",
                    "Kick2": "تم طرد **[USER]** من السيرفر بنجاح",
                    "Mute3": "الرجاء تحديد المدة بطريقة صحيحة [number][s/m/h/d/w]",
                    "Lock1": "🔐 تم إغلاق [ROOM]",
                    "Mute1": "لا تستطيع إسكات **[USER]**؛ لديه رتب مساوية أو أعلى منك",
                    "Mute2": "تم إسكات **[USER]** بنجاح 🤐",
                    "Role1": "لا تستطيع إضافة هذه **[ROLE]** لأحد؛ الرتبة أعلى أو مساوية لك",
                    "Role2": "لا استطيع إضافة هذه **[ROLE]** إلى أحد؛ الرتبة أعلى أو مساوية لي",
                    "Role3": "تم إضافة **[ROLE]** إلى **[USER]** بنجاح",
                    "Role4": "تم حذف **[ROLE]** من **[USER]** بنجاح",
                    "Say1": "الرجاء كتابة محتوى الرسالة",
                    "Send1": "الرجاء كتابة محتوى الرسالة للإرسال",
                    "Send2": "تم إرسال الرسالة بنجاح إلى **[USER]**",
                    "Send3": "لم استطع إرسال هذه الرسالة إلى **[USER]**",
                    "SetNick1": "لا تستطيع تغيير لقب **[USER]**؛ لديه رتب مساوية أو أعلى منك",
                    "SetNick2": "تم حذف لقب **[USER]** بنجاح",
                    "SetNick3": "تم تغيير لقب **[USER]** إلى **[NICK]** بنجاح",
                    "TimeOut1": "لا تستطيع إعطاء وقت مستقطع ل**[USER]**؛ لديه رتب مساوية أو أعلى منك",
                    "TimeOut2": "الرجاء تحديد المدة بطريقة صحيحة [number][s/m/h/d/w]",
                    "TimeOut3": "تم إعطاء **[USER]** وقت مستقطع لمدة **[TIME]**",
                    "UnBanAll1": "لا يوجد أشخاص محظورون في هذا السيرفر",
                    "UnBanAll2": "تم فك الحظر عن `[NUMBER]` شخص",
                    "UnBan1": "**[USER]** غير محظور من هذا السيرفر",
                    "UnBan2": "تم فك الحظر عن **[USER]** بنجاح",
                    "Show": "تم إظهار [ROOM]**",
                    "UnLock": "🔓 تم فتح [ROOM]",
                    "UnMute1": "لا تستطيع فك الإسكات عن **[USER]**؛ لديه رتب مساوية أو أعلى منك",
                    "UnMute2": "هذا العضو ليس لديه رتبة الإسكات",
                    "UnMute3": "تم فك الإسكات عن **[USER]** بنجاح",
                    "UnTimeOut1": "لا تستطيع فك الوقت المستقطع عن **[USER]**؛ لديه رتب مساوية أو أعلى منك",
                    "UnTimeOut2": "تم فك الوقت المستقطع عن **[USER]** بنجاح"
                },
                "Public": {
                    "Banner1": "**[USER]** لا يملك خلفية ولكن يملك لون مميز"
                },
                "Reply": {
                    "Reply1": "هذه العبارة موجودة بالفعل\nالكلمة: [WORD]\nالرد: [REPLY]\nالرتبة: [ROLE]\nالمعرف: [ID]",
                    "Reply2": "**تم إضافة رد جديد**\nالمعرف ([ID])\nالكلمة: [WORD]\nالرد: [REPLY]\nالرتبة: [ROLE]",
                    "Reply3": "تم حذف الرد الخاص بالمعرف **[ID]** الكلمة : **[WORD]**",
                    "Reply4": "لا أستطيع العثور على أي رد بهذا المعرف **[ID]**"
                },
                "Warn": {
                    "Reply1": "لا تستطيع تحذير [USER]؛ لديه رتبة أعلى أو مساوية لك",
                    "Reply2": "**تم تحذير** [USER]",
                    "Reply3": "**تم حذف تحذير واحد من** [USER]",
                    "Reply4": "هذا العضو ليس لديه أية تحذيرات",
                    "Reply5": "لا تستطيع معرفة تحذيرات [USER]؛ لديه رتبة أعلى منك",
                    "Reply6": "> السبب: [REASON]\n> بواسطة: [BY]\n> التاريخ: [DATE]\n\n"
                }
            },
            "Broadcast": {
                "Reply1": "يرجى حذف البيانات القديمة أولاً باستخدام الأمر **[COMMAND]**",
                "Reply2": "تم حذف البيانات القديمة بنجاح",
                "Reply3": "لا توجد بيانات قديمة لحذفها",
                "Reply4": "لا توجد بيانات لهذه اللوحة",
                "Reply5": "يجري الآن الإرسال إلى الأعضاء",
                "Reply6": "تم إيقاف إرسال الرسالة إلى الأعضاء",
                "Reply7": "لا يُسمح بتكرار التوكينات",
                "Reply8": "يرجى الانتظار، يتم الآن فحص التوكينات",
                "Reply9": "بعض التوكينات غير صالحة",
                "Reply10": "تم الإرسال إلى `[DONE]`\nفشل الإرسال إلى `[FAILS]`\nيرجى ملاحظة البوتات ضمن الأعضاء الذين لم يتم الإرسال إليهم"
            },
            "Ticket": {
                "Reply1": "يمكن استخدام هذا الأمر فقط داخل التذاكر",
                "Reply2": "هذا الأمر متاح فقط لرتبة الدعم الفني",
                "Reply3": "تم إضافة [USER] إلى [ROOM]",
                "Reply4": "قم بكتابة معرف رسالة اللوحة المراد التعديل عليها",
                "Reply5": "لا أستطيع العثور على أية معلومات لهذه اللوحة",
                "Reply6": "تم حذف [USER] من [ROOM]",
                "Reply7": "لا أستطيع العثور على رتبة الدعم الفني لهذه اللوحة",
                "Reply8": "[USER] لديه `[POINTS]` نقطة استلام",
                "Reply9": "تم حذف جميع نقاط الاستلام في هذا السيرفر",
                "Reply10": "تم تفعيل نظام المنشن على **[MODE]**",
                "Reply11": "تم تغيير اسم التذكرة",
                "Reply12": "تم تعيين [ROOM] كغرفة لحفظ سجلات التذاكر",
                "Reply13": "تم تفعيل نظام سجل التذاكر على [MODE]",
                "Reply14": "[USER] لديه [POINTS] نقطة استلام",
                "Reply15": "تم حذف جميع نقاط الاستلام لهذا السيرفر",
                "Reply16": "لا أستطيع العثور على هذه اللوحة",
                "Reply17": "لا أستطيع العثور على الغرفة التي تم إرسال اللوحة بها",
                "Reply18": "لا أستطيع العثور على اللوحة في الغرفة [ROOM]",
                "Reply19": "هذه اللوحة وصلت إلى الحد الأقصى من الأزرار `3`",
                "Reply20": "هذه الميزة غير متاحة في البوت الخاص بك، تحتاج إلى تطوير البوت أولا",
                "Reply21": "لا يوجد أي نماذج سابقة لحذفها",
                "Reply22": "تم حذف جميع النماذج لهذا الزر بنجاح",
                "Reply23": "تم حذف اللوحة بنجاح",
                "Reply24": "هذا الزر وصل إلى الحد الأقصى من عدد النماذج `5`",
                "Reply25": "هذا السيرفر تجاوز الحد الأقصى من عدد اللوحات `24`",
                "Reply26": "لا أستطيع العثور على الغرفة المحددة للوحة",
                "Reply27": "لا يمكنك استخدام هذا الزر، تحتاج إلى رتبة [ROLE]",
                "Reply28": "لا تستطيع استلام التذكرة الخاصة بك",
                "Reply29": "تم استلام التذكرة بواسطة: [USER]",
                "Reply30": "هل أنت متأكد من إغلاق التذكرة؟",
                "Reply31": "سيتم حذف التذكرة خلال ثوانٍ",
                "Reply32": "تم فتح التذكرة بواسطة: [USER]",
                "Reply33": "⌛ يتم إنشاء التذكرة...",
                "Reply34": "تم فتح التذكرة بنجاح في [ROOM]",
                "Reply35": "لم يتم تحديد غرفة لحفظ السجلات",
                "Reply36": "لا أستطيع العثور على غرفة حفظ السجلات",
                "Reply37": "يتم الآن حفظ السجل",
                "Reply38": "تم حفظ سجل التذكرة بنجاح في [ROOM]",
                "Reply39": "تم إلغاء استلام التذكرة بواسطة: [USER]",
                "Reply40": "يجب تحديد نوع النموذج من 'Long' أو 'Short'",
                "Reply41": "تم تغيير اسم اللوحة بنجاح من [OLDNAME] إلى [NEWNAME]",
                "Reply42": "تم تغيير محتوى رسالة التذكرة بنجاح",
                "Reply43": "يجب وضع صورة صالحة",
                "Reply44": "سيتم تحديث صورة اللوحة إلى هذه الصورة",
                "Reply45": "سيتم تحديث الصورة المصغرة للوحة إلى هذه الصورة",
                "Reply46": "لا تستطيع استخدام هذا الامر علي مالك التذكره",
                "Reply47": "تم إغلاق التذكره بواسطه [USER]"
            },
            "Giveaway": {
                "Reply1": "يجب أن يكون معرف القيفاواي أرقامًا",
                "Reply2": "لا يمكن العثور على هذا القيفاواي",
                "Reply3": "هذا القيفاواي منتهٍ بالفعل",
                "Reply4": "هذا القيفاواي معلق بالفعل",
                "Reply5": "عدد الفائزين يجب أن يكون رقمًا",
                "Reply6": "هذا القيفاواي لم ينتهِ بعد",
                "Reply7": "[AUTHOR] اختار فائزين جدد مبروك [WINNERS] لقد فزتم ب [PRIZE]",
                "Reply8": "لا يوجد عدد كافٍ من المشاركين",
                "Reply9": "gstart [time] [winners] [prize]",
                "Reply10": "الرجاء تحديد مدة القيفاواي بطريقة صحيحة باستخدام [m,d,h,s] لتحديد الوقت",
                "Reply11": "الرجاء كتابة الجائزة بعد عدد الفائزين",
                "Reply12": "هذا القيفاواي غير معلق",
                "Reply13": "سيتم انهاء هذا القيفاواي خلال ثاواني",
                "Reply14": "تم إيقاف القيفاواي",
                "Reply15": "تم استئناف القيف اواي",
                "Reply16": "💥 لا تستطيع الأنضمام او الخروج من القيفاواي لانه انتهي بالفعل",
                "Reply17": "لقد قمت بالأنضمام الي هذا القيفاواي بالفعل",
                "Reply18": "لقد خرجت من القيفاواي بنجاح",
                "Reply19": "انت لست منضم الي هذا القيف اواي",
                "Reply20": "ليس لديك الرتبه المطلوبه للأنضمام الي هذا القيف اواي",
                "Reply21": "تهانينا [WINNERS] لقد فزت [PRIZE]",
                "Reply22": "لا يوجد اشخاص قامت بمشاركه في هذا القيفاواي",
                "Reply23": "تم تغير ايموجي القيف اواي بنجاح [EMOJI]",
                "Reply24": "تم إرجاع ايموجي القيف اواي الي الافتراضي"
            },
            "Feedback": {
                "Reply1": "هذه ليست إحدى غرف الآراء",
                "Reply2": "تم حذف [ROOM] من غرف الآراء بنجاح",
                "Reply3": "تم تغيير الإيموجي إلى [EMOJI]",
                "Reply4": "لم يتم تعيين أي إيموجي للحذف",
                "Reply5": "تم إعادة تعيين الإيموجي إلى الإيموجي الافتراضي",
                "Reply6": "هذه الغرفة معرّفة بالفعل كغرفة آراء",
                "Reply7": "تم إضافة [ROOM] إلى غرف الآراء بنجاح",
                "Reply8": "تم تعيين الخط الخاص بالآراء بنجاح",
                "Reply9": "تم حذف الخط الخاص بالآراء بنجاح",
                "Reply10": "رجاء قم بوضع رابط لخط صالح"
            },
            "Protection": {
                "Reply1": "الرجاء تحديد الصلاحية من 'all', 'bans', 'kicks', 'delete_roles', 'create_roles', 'delete_channel', 'create_channel', 'add_bots'",
                "Reply2": "هذا الشخص لديه صلاحية لهذا الحدث بالفعل",
                "Reply3": "تم منح [USER] صلاحية على حدث [TYPE]",
                "Reply4": "الرجاء تحديد الوضع 'ON' أو 'OFF' بعد الأمر",
                "Reply5": "تم تفعيل نظام الحماية ضد البوتات على [TYPE]",
                "Reply6": "تم حذف [USER] من صلاحيات [TYPE]",
                "Reply7": "الرجاء كتابة الحد الأقصى لهذا الحدث خلال 20 دقيقة",
                "Reply8": "الرجاء كتابة الحد الأقصى باستخدام الأرقام",
                "Reply9": "تم تحديد غرفة اللوج [ROOM]",
                "Reply10": "الرجاء تحديد نوع النظام المضاد 'kick' أو 'ban' أو 'create_roles'",
                "Reply11": "تم تعيين الوضع المضاد لحدث [ACTION] على [TYPE]",
                "Reply12": "هذا الشخص ليس لديه صلاحيه لل [TYPE]",
                "Reply13": "تم حذف جميع صلاحيات [USER]",
                "Reply14": "تم ظبط الحد الاقصي لحدث [ACTION] [LIMIT] مره خلال 20 دقيقه"
            },
            "Apply": {
                "Reply1": "يجب وضع معرف الرسالة بشكل أرقام",
                "Reply2": "التقديم من خلال هذا التطبيق مغلق بالفعل",
                "Reply3": "تم تعطيل التقديم من خلال هذا التطبيق",
                "Reply4": "التقديم من خلال هذا التطبيق غير معطل بالفعل",
                "Reply5": "تم تفعيل التقديم من خلال هذا التطبيق",
                "Reply6": "تم تحديث نظام إرسال الرسائل إلى الخاص عند الرفض أو القبول",
                "Reply7": "تم تحديد غرفة النتائج [ROOM]",
                "Reply8": "تم تحديد رتبة الإدارة للقبول أو الرفض [ROLE]",
                "Reply9": "تم قبول تقديمك",
                "Reply10": "> **الإداري**: [USER]",
                "Reply11": "**قبول تقديم**\n**الإداري**: [ADMIN]\n**المقدم**: [USER]\n**الرتبة**: [ROLE]",
                "Reply12": "تم رفض تقديمك",
                "Reply13": "**رفض تقديم**\n**الإداري**: [ADMIN]\n**المقدم**: [USER]\n**الرتبة**: [ROLE]",
                "Reply14": "لا يمكن العثور على غرفة لإرسال رسالة التقديم بها",
                "Reply15": "تم تجهيز نظام تقديم جديد",
                "Reply16": "> اضغط على الزر الرمادي لوضع رسالة التقديم\n> اضغط على الزر الأخضر لإرسال زر التقديم بدون رسالة",
                "Reply17": "نظام التقديم من خلال هذا التطبيق مغلق",
                "Reply18": "لقد قمت بالتقديم علي هذه الرتبه من قبل",
                "Reply19": "انت لديك الرتبه التي يتم التقديم اليها من خلال هذا التطبيق بالفعل [ROLE]",
                "Reply20": "تم إرسال التقديم بنجاح",
                "Reply21": "لا استطيع ايجاد الغرفه لارسال تطبق التقديم بها"
            },
            "Log": {
                "Reply1": "هذا السجل غير موجود",
                "Reply2": "تم حذف هذا السجل بنجاح",
                "Reply3": "تم تغيير لون الإمبد بنجاح"
            },
            "Tempchannel": {
                "Reply1": "تم إرسال اللوحة",
                "Reply2": "الرجاء الدخول إلى غرفة صوتية",
                "Reply3": "هذه الغرفة ليست من بين الغرف التي قمت بإنشائها",
                "Reply4": "أنت لست مالك هذه الغرفة",
                "Reply5": "تم حذف الغرفة الصوتية بنجاح",
                "Reply6": "هل أنت متأكد من رغبتك في حذف هذه الغرفة؟",
                "Reply7": "تم إخفاء الغرفة بنجاح",
                "Reply8": "تم إغلاق الغرفة بنجاح",
                "Reply9": "تم إظهار الغرفة بنجاح",
                "Reply10": "تم فتح الغرفة بنجاح",
                "Reply11": "تم تغيير اسم الغرفة بنجاح",
                "Reply12": "تم إزالة الحد الأقصى لعدد المستخدمين",
                "Reply13": "الحد الأقصى هو **99** أو أقل",
                "Reply14": "تم تغيير الحد الأقصى للمستخدمين إلى **[LIMIT]**",
                "Reply15": "لا يمكن العثور على هذا العضو",
                "Reply16": "تم حظر العضو من الاتصال بالغرفة",
                "Reply17": "العضو غير موجود في الغرفة لطرده",
                "Reply18": "العضو ليس في نفس الغرفة التي أنت بها",
                "Reply19": "تم طرد العضو بنجاح",
                "Reply20": "تم السماح للعضو بالدخول إلى الغرفة بنجاح"
            },
            "Selfrole": {
                "Reply1": "لا يمكن العثور على الرسالة، الرجاء التأكد من استخدام الأمر في نفس الغرفة التي تحتوي على اللوحة",
                "Reply2": "هذه ليست إحدى رسائل نظام جمع الرتب",
                "Reply3": "لا يمكن العثور على الرسالة المراد التعديل عليها، ربما تم حذفها",
                "Reply4": "لم أستطع تحديد نوع النظام",
                "Reply5": "هذه اللوحة وصلت للحد الأقصى من الأزرار `5`",
                "Reply6": "تم إضافة الزر الجديد بنجاح!",
                "Reply7": "سيتم حذف الزر بعد اختياره مباشرة",
                "Reply8": "سيتم حذف الاختيار بعد اختياره مباشرة",
                "Reply9": "لا يمكن العثور على الرتبة بالمعرف [ROLEID]: [ROLE]",
                "Reply10": "تم حذف الرتبة بنجاح [ROLE]",
                "Reply11": "تم إضافة الرتبة بنجاح [ROLE]",
                "Reply12": "حدث خطأ أثناء حذف الرتبة، الرجاء التأكد من صلاحياتي",
                "Reply13": "حدث خطأ أثناء إضافة الرتبة، الرجاء التأكد من صلاحياتي",
                "Reply14": "لا يمكن العثور على الغرفة [ROOM]",
                "Reply15": "تم إرسال الزر بنجاح إلى [ROOM]",
                "Reply16": "هذه اللوحة وصلت للحد الأقصى من الاختيارات `25`",
                "Reply17": "تم إضافة الاختيار الجديد بنجاح",
                "Reply18": "قم بكتابه معرف الرساله بالارقام"
            }
        },
        "Help": {
            "Autoline": {
                "Admin": "[PREFIX]set-autoline - إضافه غرفه خط تلقائي جديده\n[PREFIX]remove-autoline - حذف غرفه من غرف خط تلقائي\n[PREFIX]set-line - تثبيت/تغير الخط الخاص بالسيرفر\nخط - إرسال الخط\n[PREFIX]set-prefix - تغيير بادئه البوت",
                "Owner": "[PREFIX]set-owner - نقل ملكيه البوت إلي شخص أخر\n[PREFIX]set-avatar - تغير صوره البوت\n[PREFIX]set-username - تغير اسم البوت\n[PREFIX]time - لمعرفه الوقت المتبقي لإنتهاء الاشتراك"
            },
            "Suggestion": {
                "Admin": "[PREFIX]set-suggestion - إضافه غرفه إقترحات جديده\n[PREFIX]remove-suggestion - حذف غرفه من غرف الإقترحات\n[PREFIX]set-sugline - تثبيت/تغير/حذف خط الإقتراحات للسيرفر\n[PREFIX]set-prefix - تغيير بادئه البوت",
                "Owner": "[PREFIX]set-owner - نقل ملكيه البوت إلي شخص أخر\n[PREFIX]set-avatar - تغير صوره البوت\n[PREFIX]set-username - تغير اسم البوت\n[PREFIX]time - لمعرفه الوقت المتبقي لإنتهاء الاشتراك"
            },
            "Tax": {
                "Admin": "[PREFIX]set-tax - إضافه غرفه ضريبه جديده\n[PREFIX]remove-tax - حذف غرفه من غرف الضريبه\n[PREFIX]set-taxline - تثبيت/تغير/حذف خط الضريبه للسيرفر\n[PREFIX]set-prefix - تغيير بادئه البوت",
                "Owner": "[PREFIX]set-owner - نقل ملكيه البوت إلي شخص أخر\n[PREFIX]set-avatar - تغير صوره البوت\n[PREFIX]set-username - تغير اسم البوت\n[PREFIX]time - لمعرفه الوقت المتبقي لإنتهاء الاشتراك"
            },
            "System": {
                "General": "[PREFIX]avatar - جلب صوره الشخصيه لشخص محدد\n[PREFIX]banner - جلب صوره الخاصه بخلفيه شخص محدد\n[PREFIX]roles - جلب قائمه بالرتب الموجوده بالسيرفر\n[PREFIX]server - جلب بعض المعلومات الخاصه بالسيرفر\n[PREFIX]user - جلب بعض المعلومات الخاصه بشخص محدد",
                "Admin": "[PREFIX]ban - حظر شخص محدد من السيرفر\n[PREFIX]unban - فك الحظر عن شخص محدد\n[PREFIX]unban-all - فك الحظر عن الجميع\n[PREFIX]kick - طرد عضو محدد من السيرفر\n[PREFIX]clear - حذف رسائل داخل الغرفه\n[PREFIX]hide - إخفاء الغرفه عن جميع\n[PREFIX]show - إظهار الغرفه للجميع\n[PREFIX]lock - إغلاق الغرفه\n[PREFIX]unlock - فتح الغرفه\n[PREFIX]embed - إرسال رساله علي شكل إمبد\n[PREFIX]say - إرسال رساله عاديه\n[PREFIX]send - إرسال رساله إالي عضو محدد\n[PREFIX]come - نداء عضو معين\n[PREFIX]mute - كتم عضو معين من الكتابه\n[PREFIX]unmute - فك الكتم عن عضو معين\n[PREFIX]timeout - إعطاء عضو معين وقت مستقطع\n[PREFIX]untimeout - فك الوقت المستقطع عن عضو محدد\n[PREFIX]role - إضافه/حذف رتبه من عضو محدد\n[PREFIX]setnick - تغير/حذف لقب عضو محدد\n[PREFIX]set-prefix - تغير بادئه البوت",
                "Owner": "[PREFIX]set-owner - نقل ملكيه البوت إلي شخص أخر\n[PREFIX]set-avatar - تغير صوره البوت\n[PREFIX]set-username - تغير اسم البوت\n[PREFIX]time - لمعرفه الوقت المتبقي لإنتهاء الاشتراك"
            },
            "Broadcast": {
                "Admin": "[PREFIX]bc - إرسال رساله إلي كل الاعضاء\n[PREFIX]obc - إرسال رساله الي الاعضاء المتصلين\n[PREFIX]rbc - إرسال رساله الي أعضاء لديهم رتبه معينه\n[PREFIX]bc-delete - حذف البيانات القديمه\n[PREFIX]obc-delete - حذف البيانات القديمه\n[PREFIX]rbc-delete - حذف البيانات القديمه\n[PREFIX]set-prefix - تغيير بادئه البوت",
                "Owner": "[PREFIX]set-owner - نقل ملكيه البوت إلي شخص أخر\n[PREFIX]set-avatar - تغير صوره البوت\n[PREFIX]set-username - تغير اسم البوت\n[PREFIX]time - لمعرفه الوقت المتبقي لإنتهاء الاشتراك"
            },
            "Ticket": {
                "Admin": "[PREFIX]setup - صنع بنل تذاكر جديده\n[PREFIX]manage - تعديل علي بنل محدده\n[PREFIX]add - إضافه عضو إالي التذكره\n[PREFIX]remove - حذف عضو من التذكره\n[PREFIX]rename - تغير إسم التذكره\n[PREFIX]set-prefix - تغيير بادئه البوت",
                "Owner": "[PREFIX]set-owner - نقل ملكيه البوت إلي شخص أخر\n[PREFIX]set-avatar - تغير صوره البوت\n[PREFIX]set-username - تغير اسم البوت\n[PREFIX]time - لمعرفه الوقت المتبقي لإنتهاء الاشتراك",
                "Points": "[PREFIX]points - معرفه عدد نقاط الأستلام لدي عضو معين\n[PREFIX]top - معرفه أعلي 10 اعضاء لديهم نقاط أستلام\n[PREFIX]reset-top - حذف جميع نقاط الأستلام لدي الجميع"
            },
            "Giveaway": {
                "Admin": "[PREFIX]gstart - بدأ قيفاواي جديد\n[PREFIX]gend - إنهاء قيف اواي\n[PREFIX]greroll - جلب فائزين جدد لقيفاواي معين\n[PREFIX]gpause - تعليق قيفاواي معين\n[PREFIX]gunpause - تشغيل قيفاواي معلق\n[PREFIX]set-prefix - تغيير بادئه البوت",
                "Owner": "[PREFIX]set-owner - نقل ملكيه البوت إلي شخص أخر\n[PREFIX]set-avatar - تغير صوره البوت\n[PREFIX]set-username - تغير اسم البوت\n[PREFIX]time - لمعرفه الوقت المتبقي لإنتهاء الاشتراك"
            },
            "Feedback": {
                "Admin": "[PREFIX]set-feedback - إضافه غرفه اراء جديده\n[PREFIX]remove-feedback - حذف غرفه من غرف الاراء\n[PREFIX]set-feedbackline - تثبيت/تغير/حذف خط الاراء للسيرفر\n[PREFIX]set-prefix - تغيير بادئه البوت",
                "Owner": "[PREFIX]set-owner - نقل ملكيه البوت إلي شخص أخر\n[PREFIX]set-avatar - تغير صوره البوت\n[PREFIX]set-username - تغير اسم البوت\n[PREFIX]time - لمعرفه الوقت المتبقي لإنتهاء الاشتراك"
            },
            "Protection": {
                "Admin": "[PREFIX]set-prefix - تغيير بادئه البوت",
                "Owner": "[PREFIX]set-log - تحديد روم اللوق\n[PREFIX]anti-bots - إطفاء/تشغيل حمايه ضد بوتات\n[PREFIX]set-automode - لحديد النظام المضاد لصلاحيه معينه\n[PREFIX]add-whitelist - منح شخص صلاحيه معينه\n[PREFIX]remove-whitelist - حذف صلاحيه من شخص\n[PREFIX]set-limit - تحديد حد اقصي لحدث معين\n[PREFIX]set-owner - نقل ملكيه البوت إلي شخص أخر\n[PREFIX]set-avatar - تغير صوره البوت\n[PREFIX]set-username - تغير اسم البوت\n[PREFIX]time - لمعرفه الوقت المتبقي لإنتهاء الاشتراك"
            },
            "Apply": {
                "Admin": "/new-application - إنشاء تقديم جديد\n/dm-mode - تفعيل/تعطيل نظام إرسال رساله للخاص عند قبول او رفض\n/set-admin - تحديد رتبه لرفض او قبول التقديمات\n/results-channel - تحديد غرفه عرض النتائج\n/apply-system - تشغيل/تعطيل التقديم من خلال تطبيق معين\n[PREFIX]set-prefix - تغيير بادئه البوت",
                "Owner": "[PREFIX]set-owner - نقل ملكيه البوت إلي شخص أخر\n[PREFIX]set-avatar - تغير صوره البوت\n[PREFIX]set-username - تغير اسم البوت\n[PREFIX]time - لمعرفه الوقت المتبقي لإنتهاء الاشتراك"
            },
            "Log": {
                "Admin": "[PREFIX]setup - تسطيب النظام في السيرفر\n[PREFIX]set-prefix - تغيير بادئه البوت",
                "Owner": "[PREFIX]set-owner - نقل ملكيه البوت إلي شخص أخر\n[PREFIX]set-avatar - تغير صوره البوت\n[PREFIX]set-username - تغير اسم البوت\n[PREFIX]time - لمعرفه الوقت المتبقي لإنتهاء الاشتراك"
            },
            "Tempchannel": {
                "Admin": "/setup - تسطيب النظام في السيرفر\n[PREFIX]set-prefix - تغيير بادئه البوت",
                "Owner": "[PREFIX]set-owner - نقل ملكيه البوت إلي شخص أخر\n[PREFIX]set-avatar - تغير صوره البوت\n[PREFIX]set-username - تغير اسم البوت\n[PREFIX]time - لمعرفه الوقت المتبقي لإنتهاء الاشتراك"
            },
            "Selfrole": {
                "Admin": "/setup - إنشاء لوحه جديده لجمع الرتب\n/manage - تعديل علي لوحه معينه\n[PREFIX]set-prefix - تغيير بادئه البوت",
                "Owner": "[PREFIX]set-owner - نقل ملكيه البوت إلي شخص أخر\n[PREFIX]set-avatar - تغير صوره البوت\n[PREFIX]set-username - تغير اسم البوت\n[PREFIX]time - لمعرفه الوقت المتبقي لإنتهاء الاشتراك"
            }
        }
    },
    "EN": {
        "NotFound": {
            "Reply1": "Sorry, I cannot find this command",
            "Reply2": "Sorry, I cannot find the room",
            "Reply3": "Sorry, I cannot find the user",
            "Reply4": "Sorry, I cannot find the member",
            "Reply5": "Sorry, I cannot find this role"
        },
        "Errors": {
            "Reply1": "An error occurred while executing this command",
            "Reply2": "An error occurred while activating the command",
            "Reply3": "An error occurred while running this command. Please report the problem to have it resolved as soon as possible\nError ID: [ID]",
            "Reply4": "An error occurred while executing this command, please check my permissions",
            "Reply5": "Hello, [USER] It has been noticed that you are experiencing a problem using this command **[COMMAND]** Please report the problem so that it will be resolved as soon as possible\nError ID: [ID]"
        },
        "Others": {
            "Reply1": "You must provide a specific link for an image",
            "Reply2": "Please provide the line link after the command",
            "Reply3": "Please mention the room after the command",
            "Reply4": "Please mention the person after the command",
            "Reply5": "Please mention the role after the command",
            "Reply6": "Information is currently being processed",
            "Reply7": "You cannot use this command on yourself",
            "Reply8": "This command has been temporarily disabled by the developer",
            "Reply9": "Bot's owner has been chanaged to [USER]",
            "Reply10": "Bot's prefix has been changed tp [PREFIX]",
            "Reply11": "Should type the new prefix after the command",
            "Reply12": "The inserted image is invalid",
            "Reply13": "This feature is not available to you in your bot",
            "Reply14": "Hello, [USER] i am [CLIENT] and my prefix is `[PREFIX]`",
            "Reply15": "https://discord.gg/zhWcdHWMyH",
            "Reply16": "Support",
            "Developers": [
                "807814162234867734"
            ],
            "Owners": [
                "807814162234867734"
            ],
            "Support": [],
            "Reply17": "I need [PREM] permission to run this command",
            "Reply18": "You do not have [PREM] permission to use this command"
        },
        "Owner": {
            "Reply1": "The bot's picture has been successfully changed",
            "Reply2": "The bot's name has been successfully changed",
            "Reply3": "The bot's status will be updated within seconds",
            "Reply4": "Remaining time [DAYS] days [HOURS] hours",
            "Reply5": "Name must be 31 characters or less",
            "Reply6": "This command is only available to the bot owner",
            "Reply7": "Please upload the image from your device",
            "Reply 8": "Write the name of the bot after the command"
        },
        "Bots": {
            "Autoline": {
                "Reply1": "This [ROOM] is not one of the auto-line rooms",
                "Reply2": "This [ROOM] is already an auto-line room",
                "Reply3": "The [ROOM] has been successfully removed from the auto-line rooms",
                "Reply4": "The [ROOM] has been successfully added to the auto-line rooms",
                "Reply5": "Please set a server line to be able to use this command",
                "Reply6": "The server's line has been successfully set",
                "Reply7": "Please set a server line"
            },
            "Suggestion": {
                "Reply1": "This [ROOM] is not one of the suggestion rooms",
                "Reply2": "This [ROOM] is already a suggestion room",
                "Reply3": "The suggestion line has been successfully set",
                "Reply4": "The [ROOM] has been successfully removed from the suggestion rooms",
                "Reply5": "The new suggestion emojis have been saved",
                "Reply6": "The default suggestion emojis have been restored",
                "Reply7": "Please withdraw your 'yes' vote 🟢",
                "Reply8": "Please withdraw your 'no' vote 🔴",
                "Reply9": "You have withdrawn your vote",
                "Reply10": "Thank you for participating with your vote in the suggestion",
                "Reply11": "Removed suggestion line successfully",
                "Reply12": "The [ROOM] has been successfully added to the suggestion rooms",
                "Reply13": "Please upload a line for suggestions",
                "Reply14": "Suggestion system is set to [MODE]"
            },
            "Tax": {
                "Reply1": "This [ROOM] is not one of the tax rooms",
                "Reply2": "This [ROOM] is already designated as a tax room",
                "Reply3": "The tax line has been successfully set",
                "Reply4": "> [TAX]",
                "Reply5": "The message system has been changed to [MODE]",
                "Reply6": "The [ROOM] has been successfully removed from the tax rooms",
                "Reply7": "The [ROOM] has been successfully added to the tax rooms",
                "Reply8": "Removed tax line successfully",
                "Reply9": "Please upload a line for tax"
            },
            "System": {
                "MOD": {
                    "Ban1": "**[USER]** has been banned from the server ✈️",
                    "Ban2": "You cannot ban **[USER]** as they have equal or higher roles than you",
                    "Ban3": "I could not ban **[USER]**; please check my server permissions",
                    "Ban4": "I could not ban **[USER]**",
                    "Clear1": "I cannot delete more than **100** messages",
                    "Clear2": "You need to delete at least **2** messages",
                    "Clear3": "Deleting `[NUMBER]` message",
                    "Clear4": "The number of messages must be specified in numbers",
                    "Come1": "Hello, **[USER]**\n: **[AUTHOR]** has requested your presence in **[ROOM]**\nPlease head there as soon as possible",
                    "Come2": "A summons has been successfully sent to **[USER]**",
                    "Come3": "I could not send a summons to **[USER]**",
                    "Embed1": "Please write the content of the embed message",
                    "Hide1": "**[ROOM]** has been successfully hidden",
                    "Kick1": "You cannot kick **[USER]** as they have equal or higher roles than you",
                    "Kick2": "**[USER]** has been successfully kicked from the server",
                    "Lock1": "🔐 [ROOM] has been locked",
                    "Mute1": "You cannot mute **[USER]** as they have equal or higher roles than you",
                    "Mute2": "**[USER]** has been successfully muted 🤐",
                    "Mute3": "Please specify the duration correctly [number][s/m/h/d/w]",
                    "Role1": "You cannot add this **[ROLE]** to anyone as the role is higher or equal to yours",
                    "Role2": "I cannot add this **[ROLE]** to anyone as the role is higher or equal to mine",
                    "Role3": "**[ROLE]** has been successfully added to **[USER]**",
                    "Role4": "**[ROLE]** has been successfully removed from **[USER]**",
                    "Say1": "Please write the content of the message",
                    "Send1": "Please write the content of the message to send",
                    "Send2": "The message has been successfully sent to **[USER]**",
                    "Send3": "I could not send this message to **[USER]**",
                    "SetNick1": "You cannot change the nickname of **[USER]** as they have equal or higher roles than you",
                    "SetNick2": "The nickname of **[USER]** has been successfully removed",
                    "SetNick3": "The nickname of **[USER]** has been changed to **[NICK]** successfully",
                    "TimeOut1": "You cannot give a timeout to **[USER]** as they have equal or higher roles than you",
                    "TimeOut2": "Please specify the duration correctly [number][s/m/h/d/w]",
                    "TimeOut3": "**[USER]** has been given a timeout for **[TIME]**",
                    "UnBanAll1": "There are no banned individuals in this server",
                    "UnBanAll2": "Unban has been successfully lifted for `[NUMBER]` individuals",
                    "UnBan1": "**[USER]** is not banned from this server",
                    "UnBan2": "The ban on **[USER]** has been successfully lifted",
                    "Show": "[ROOM]** has been made visible",
                    "UnLock": "🔓 [ROOM] has been unlocked",
                    "UnMute1": "You cannot unmute **[USER]** as they have equal or higher roles than you",
                    "UnMute2": "This member does not have a mute role",
                    "UnMute3": "The mute has been successfully removed from **[USER]**",
                    "UnTimeOut1": "You cannot remove the timeout from **[USER]** as they have equal or higher roles than you",
                    "UnTimeOut2": "The timeout on **[USER]** has been successfully removed"
                },
                "Public": {
                    "Banner1": "**[USER]** does not have a banner but has a distinctive color"
                },
                "Reply": {
                    "Reply1": "This phrase already exists\nWord: [WORD]\nReply: [REPLY]\nRole: [ROLE]\nID: [ID]",
                    "Reply2": "**A new reply has been added**\nID ([ID])\nWord: [WORD]\nReply: [REPLY]\nRole: [ROLE]",
                    "Reply3": "The reply with ID **[ID]** for the word **[WORD]** has been deleted",
                    "Reply4": "I cannot find any reply with this ID **[ID]**"
                },
                "Warn": {
                    "Reply1": "You cannot warn [USER] as they have a higher or equal role to you",
                    "Reply2": "**[USER]** has been warned",
                    "Reply3": "One warning has been removed from **[USER]**",
                    "Reply4": "This member does not have any warnings",
                    "Reply5": "You cannot view the warnings of [USER] as they have a higher role than you",
                    "Reply6": "> Reason: [REASON]\n> By: [BY]\n> Date: [DATE]\n\n"
                }
            },
            "Broadcast": {
                "Reply1": "Please delete the old data first by using the command **[COMMAND]**",
                "Reply2": "The old data has been successfully deleted",
                "Reply3": "There is no old data to be deleted",
                "Reply4": "There is no data for this panel",
                "Reply5": "Now sending to the members",
                "Reply6": "The message sending to the members has been stopped",
                "Reply7": "Duplicate tokens are not allowed",
                "Reply8": "Please wait, the tokens are now being verified",
                "Reply9": "Some of the tokens are invalid",
                "Reply10": "Sent to `[DONE]`\nFailed to send to `[FAILS]`\nPlease note bots among the members who could not be reached"
            },
            "Ticket": {
                "Reply1": "This command can only be used within tickets",
                "Reply2": "This command is available only to the technical support role",
                "Reply3": "[USER] has been added to [ROOM]",
                "Reply4": "Please write the ID of the panel message you wish to edit",
                "Reply5": "I cannot find any information for this panel",
                "Reply6": "[USER] has been removed from [ROOM]",
                "Reply7": "I cannot find the technical support role for this panel",
                "Reply8": "[USER] has `[POINTS]` points of receipt",
                "Reply9": "All receipt points in this server have been deleted",
                "Reply10": "Mention system has been set to **[MODE]**",
                "Reply11": "The name of the ticket has been changed",
                "Reply12": "[ROOM] has been set as the room for saving ticket logs",
                "Reply13": "Ticket log system has been set to [MODE]",
                "Reply14": "[USER] has [POINTS] points of receipt",
                "Reply15": "All receipt points for this server have been deleted",
                "Reply16": "I cannot find this panel",
                "Reply17": "I cannot find the room where this panel was sent",
                "Reply18": "I cannot find the panel in room [ROOM]",
                "Reply19": "This panel has reached the maximum number of buttons `3`",
                "Reply20": "This feature is not available in your bot, you need to upgrade the bot first",
                "Reply21": "There are no previous templates to delete",
                "Reply22": "All templates for this button have been successfully deleted",
                "Reply23": "The panel has been successfully deleted",
                "Reply24": "This button has reached the maximum number of templates `5`",
                "Reply25": "This server has exceeded the maximum number of panels `24`",
                "Reply26": "I cannot find the designated room for the panel",
                "Reply27": "You cannot use this button, you need the [ROLE] role",
                "Reply28": "You cannot claim your own ticket",
                "Reply29": "The ticket has been claimed by: [USER]",
                "Reply30": "Are you sure you want to close the ticket?",
                "Reply31": "The ticket will be deleted in seconds",
                "Reply32": "The ticket has been opened by: [USER]",
                "Reply33": "⌛ Creating the ticket...",
                "Reply34": "The ticket has been successfully opened [ROOM]",
                "Reply35": "No room has been designated for saving logs",
                "Reply36": "I cannot find the log-saving room",
                "Reply37": "The log is currently being saved",
                "Reply38": "The ticket log has been successfully saved in [ROOM]",
                "Reply39": "The ticket claim has been canceled by: [USER]",
                "Reply40": "You must specify the type of template as 'Long' or 'Short'",
                "Reply41": "The name of the panel has been successfully changed from [OLDNAME] to [NEWNAME]",
                "Reply42": "The content of the ticket message has been successfully updated",
                "Reply43": "A valid image must be provided",
                "Reply44": "The panel image will be updated to this image",
                "Reply45": "The panel's thumbnail will be updated to this image",
                "Reply46": "You can not use this command on ticket owner",
                "Reply47": "Ticket closed by [USER]"
            },
            "Giveaway": {
                "Reply1": "The giveaway ID must be numerical",
                "Reply2": "I cannot find this giveaway",
                "Reply3": "This giveaway has already ended",
                "Reply4": "This giveaway is already paused",
                "Reply5": "The number of winners must be numerical",
                "Reply6": "This giveaway has not ended yet",
                "Reply7": "[AUTHOR] has chosen new winners, congratulations [WINNERS], you have won [PRIZE]",
                "Reply8": "There are not enough participants",
                "Reply9": "gstart [time] [winners] [prize]",
                "Reply10": "Please specify the duration of the giveaway correctly using [m,d,h,s] to set the time",
                "Reply11": "Please write the prize after specifying the number of winners",
                "Reply12": "This giveaway is not paused",
                "Reply13": "Ending the giveaway in few seconds",
                "Reply14": "Paused the giveaway",
                "Reply15": "Giveaway has resumed",
                "Reply16": "💥 You cannot enter or leave this giveaway because it has already ended",
                "Reply17": "You have already entered this giveaway",
                "Reply18": "You have successfully left the giveaway",
                "Reply19": "You did not enter the giveaway",
                "Reply20": "You do not have the required role to enter this giveaway",
                "Reply21": "Congratulations [WINNERS] you won [PRIZE]",
                "Reply22": "No valid entrants, so a winner could not be determined",
                "Reply23": "The giveaway emoji has been successfully changed [EMOJI]",
                "Reply24": "The giveaway emoji has been reverted to default"
            },
            "Feedback": {
                "Reply1": "This is not one of the feedback rooms",
                "Reply2": "[ROOM] has been successfully removed from the feedback rooms",
                "Reply3": "The emoji has been changed to [EMOJI]",
                "Reply4": "No emoji has been set for deletion",
                "Reply5": "The emoji has been reset to the default",
                "Reply6": "This room is already designated as a feedback room",
                "Reply7": "[ROOM] has been successfully added to the feedback rooms",
                "Reply8": "The feedback line has been successfully set",
                "Reply9": "The feedback line has been successfully deleted",
                "Reply10": "Please provide a link to a valid line"
            },
            "Protection": {
                "Reply1": "Please specify the permission from 'all', 'bans', 'kicks', 'delete_roles', 'create_roles', 'delete_channel', 'create_channel', 'add_bots'",
                "Reply2": "This person already has permission for this event",
                "Reply3": "[USER] has been granted permission for event [TYPE]",
                "Reply4": "Please specify the mode as 'ON' or 'OFF' after the command",
                "Reply5": "Protection system against bots has been set to [TYPE]",
                "Reply6": "[USER] has been removed from the permissions for [TYPE]",
                "Reply7": "Please write the maximum limit for this event within 20 minutes",
                "Reply8": "Please write the maximum limit in numbers",
                "Reply9": "The log room has been set to [ROOM]",
                "Reply10": "Please specify the type of anti-system as 'kick', 'ban', or 'create_roles'",
                "Reply11": "The anti-mode for event [ACTION] has been set to [TYPE]",
                "Reply12": "This person does not have permission to [TYPE]",
                "Reply13": "All [USER] permissions have been deleted",
                "Reply14": "The maximum [ACTION] [LIMIT] ACTION was set once in 20 minutes"
            },
            "Apply": {
                "Reply1": "You must enter the message ID in numbers",
                "Reply2": "Applications through this app are already closed",
                "Reply3": "Applications through this app have been disabled",
                "Reply4": "Applications through this app are not already disabled",
                "Reply5": "Applications through this app have been enabled",
                "Reply6": "The system of sending messages privately on rejection or acceptance has been updated",
                "Reply7": "The results room has been set to [ROOM]",
                "Reply8": "The admin role for acceptance or rejection has been set to [ROLE]",
                "Reply9": "Your application has been accepted",
                "Reply10": "> **Administrator**: [USER]",
                "Reply11": "**Application Accepted**\n**Administrator**: [ADMIN]\n**Applicant**: [USER]\n**Role**: [ROLE]",
                "Reply12": "Your application has been rejected",
                "Reply13": "**Application Rejected**\n**Administrator**: [ADMIN]\n**Applicant**: [USER]\n**Role**: [ROLE]",
                "Reply14": "Cannot find a room to send the application message in",
                "Reply15": "A new application system has been prepared",
                "Reply16": "> Press the gray button to place an application message\n> Press the green button to send the application button without a message",
                "Reply17": "The application system through this application is closed",
                "Reply18": "I have applied for this rank before",
                "Reply19": "You already have the rank you are applying for through this application [ROLE]",
                "Reply20": "Submission sent successfully",
                "Reply21": "I can't find the room to send my application to"
            },
            "Log": {
                "Reply1": "This log does not exist",
                "Reply2": "This log has been successfully deleted",
                "Reply3": "The embed color has been successfully changed"
            },
            "Tempchannel": {
                "Reply1": "The panel has been sent",
                "Reply2": "Please enter a voice room",
                "Reply3": "This room is not one of the rooms that I manage",
                "Reply4": "You are not the owner of this room",
                "Reply5": "The voice room has been successfully deleted",
                "Reply6": "Are you sure you want to delete this room?",
                "Reply7": "The room has been successfully hidden",
                "Reply8": "The room has been successfully closed",
                "Reply9": "The room has been successfully made visible",
                "Reply10": "The room has been successfully opened",
                "Reply11": "The room's name has been successfully changed",
                "Reply12": "The maximum number of users has been removed",
                "Reply13": "The maximum limit is **99** or less",
                "Reply14": "The maximum number of users has been set to **[LIMIT]**",
                "Reply15": "Cannot find this member",
                "Reply16": "The member has been banned from connecting to the room",
                "Reply17": "The member is not in the room to be kicked",
                "Reply18": "The member is not in the same room as you",
                "Reply19": "The member has been successfully kicked",
                "Reply20": "The member has been successfully allowed to enter the room"
            },
            "Selfrole": {
                "Reply1": "Cannot find the message, please make sure you are using the command in the same room where the panel is located",
                "Reply2": "This is not one of the self-role messages",
                "Reply3": "Cannot find the message to be edited, it might have been deleted",
                "Reply4": "Could not determine the type of system",
                "Reply5": "This panel has reached the maximum number of buttons `5`",
                "Reply6": "The new button has been successfully added!",
                "Reply7": "The button will be deleted immediately after being selected",
                "Reply8": "The selection will be deleted immediately after being made",
                "Reply9": "Cannot find the role with ID [ROLEID]: [ROLE]",
                "Reply10": "The role [ROLE] has been successfully deleted",
                "Reply11": "The role [ROLE] has been successfully added",
                "Reply12": "An error occurred while deleting the role, please check my permissions",
                "Reply13": "An error occurred while adding the role, please check my permissions",
                "Reply14": "Cannot find the room [ROOM]",
                "Reply15": "The button has been successfully sent to [ROOM]",
                "Reply16": "This panel has reached the maximum number of choices `25`",
                "Reply17": "The new choice has been successfully added"
            }
        },
        "Help": {
            "Autoline": {
                "Admin": "[PREFIX]set-autoline - Add a new auto-line room\n[PREFIX]remove-autoline - Delete a room from the auto-line rooms\n[PREFIX]set-line - set/change the server's line\nLine - Send line\n[PREFIX]set-prefix - change bot prefix",
                "Owner": "[PREFIX]set-owner - Transfer ownership of the bot to another person\n[PREFIX]set-avatar - Change the bot avatar image\n[PREFIX]set-username - Change the bot name\n[PREFIX]time - To find out The time remaining until the subscription expires"
            },
            "Suggestion": {
                "Admin": "[PREFIX]set-suggestion - Add a new suggestion room\n[PREFIX]remove-suggestion - Delete a room from the suggestion room\n[PREFIX]set-sugline - set/change/delete the suggestion line for the server\n[ PREFIX]set-prefix - change bot prefix",
                "Owner": "[PREFIX]set-owner - Transfer ownership of the bot to another person\n[PREFIX]set-avatar - Change the bot avatar image\n[PREFIX]set-username - Change the bot name\n[PREFIX]time - To find out The time remaining until the subscription expires"
            },
            "Tax": {
                "Admin": "[PREFIX]set-tax - Add a new tax room\n[PREFIX]remove-tax - Delete a room from the tax rooms\n[PREFIX]set-taxline - set/change/delete the tax line for the server\n[ PREFIX]set-prefix - change bot prefix",
                "Owner": "[PREFIX]set-owner - Transfer ownership of the bot to another person\n[PREFIX]set-avatar - Change the bot avatar image\n[PREFIX]set-username - Change the bot name\n[PREFIX]time - To find out The time remaining until the subscription expires"
            },
            "System": {
                "General": "[PREFIX]avatar - Get a personal picture of a specific person\n[PREFIX]banner - Get a specific person's banner\n[PREFIX]roles - Get a list of the roles on the server\n[PREFIX]server - Get some information Server\n[PREFIX]user - fetches some information about a specific person",
                "Admin": "[PREFIX]ban - Ban a specific person from the server\n[PREFIX]unban - Unban a specific person\n[PREFIX]unban-all - Unban everyone\n[PREFIX]kick - Kick a specific member From the server\n[PREFIX]clear - Delete messages inside the room\n[PREFIX]hide - Hide the room from everyone\n[PREFIX]show - Show the room to everyone\n[PREFIX]lock - Close the room\n[PREFIX]unlock - Open the room\n[PREFIX]embed - send a message in the form of an embed\n[PREFIX]say - send a regular message\n[PREFIX]send - send a message to a specific member\n[PREFIX]come - call a specific member\n[PREFIX] ]mute - Mute a specific member from writing\n[PREFIX]unmute - Unmute a specific member\n[PREFIX]timeout - Give a specific member a timeout\n[PREFIX]untimeout - Unmute a specific member\n[PREFIX] role - Add/delete a rank from a specific member\n[PREFIX]setnick - Change/delete a specific member's title\n[PREFIX]set-prefix - Change the bot prefix",
                "Owner": "[PREFIX]set-owner - Transfer ownership of the bot to another person\n[PREFIX]set-avatar - Change the bot avatar image\n[PREFIX]set-username - Change the bot name\n[PREFIX]time - To find out The time remaining until the subscription expires"
            },
            "Broadcast": {
                "Admin": "[PREFIX]bc - Send a message to all members\n[PREFIX]obc - Send a message to online members\n[PREFIX]rbc - Send a message to members with a certain rank\n[PREFIX]bc-delete - Delete old data\n[PREFIX]obc-delete - Delete old data\n[PREFIX]rbc-delete - Delete old data\n[PREFIX]set-prefix - Change bot prefix",
                "Owner": "[PREFIX]set-owner - Transfer ownership of the bot to another person\n[PREFIX]set-avatar - Change the bot avatar image\n[PREFIX]set-username - Change the bot name\n[PREFIX]time - To find out The time remaining until the subscription expires"
            },
            "Ticket": {
                "Admin": "[PREFIX]setup - Create a new ticket panel\n[PREFIX]manage - Edit a specific panel\n[PREFIX]add - Add a member to the ticket\n[PREFIX]remove - Delete a member from the ticket\n[ PREFIX]rename - change the name of the ticket\n[PREFIX]set-prefix - change the bot prefix",
                "Owner": "[PREFIX]set-owner - Transfer ownership of the bot to another person\n[PREFIX]set-avatar - Change the bot avatar image\n[PREFIX]set-username - Change the bot name\n[PREFIX]time - To find out The time remaining until the subscription expires.",
                "Points": "[PREFIX]points - Knowing the number of receiving points for a specific member\n[PREFIX]top - Knowing the top 10 members with receiving points\n[PREFIX]reset-top - Deleting all receiving points for everyone"
            },
            "Giveaway": {
                "Admin": "[PREFIX]gstart - starting a new Giveaway\n[PREFIX]gend - ending a Giveaway\n[PREFIX]greroll - bringing new winners to a given Giveaway\n[PREFIX]gpause - commenting on a given Giveaway\n[PREFIX] gunpause - Givaway startup suspended\n[PREFIX]set-prefix - change bot prefix",
                "Owner": "[PREFIX]set-owner - Transfer ownership of the bot to another person\n[PREFIX]set-avatar - Change the bot avatar image\n[PREFIX]set-username - Change the bot name\n[PREFIX]time - To find out The time remaining until the subscription expires"
            },
            "Feedback": {
                "Admin": "[PREFIX]set-feedback - Add a new feedback room\n[PREFIX]remove-feedback - Delete a room from the feedback rooms\n[PREFIX]set-feedbackline - set/change/delete the server's feedback line\n[ PREFIX]set-prefix - change bot prefix",
                "Owner": "[PREFIX]set-owner - Transfer ownership of the bot to another person\n[PREFIX]set-avatar - Change the bot avatar image\n[PREFIX]set-username - Change the bot name\n[PREFIX]time - To find out The time remaining until the subscription expires"
            },
            "Protection": {
                "Admin": "[PREFIX]set-prefix - change bot prefix",
                "Owner": "[PREFIX]set-log - specify log ROM\n[PREFIX]anti-bots - turn off/on protection against bots\n[PREFIX]set-automode - to set the anti-bot system for a specific privilege\n[PREFIX]add -whitelist - Granting a specific person a specific privilege\n[PREFIX]remove-whitelist - Deleting a privilege from a person\n[PREFIX]set-limit - Setting a maximum limit for a specific event\n[PREFIX]set-owner - Transferring ownership of the bot to another person\n n[PREFIX]set-avatar - Change the bot avatar image\n[PREFIX]set-username - Change the bot name\n[PREFIX]time - To know the time remaining until the subscription expires"
            },
            "Apply": {
                "Admin": "/new-application - Create a new submission\n/dm-mode - Activate/disable the system for sending a message to the person upon acceptance or rejection\n/set-admin - Determine the rank to reject or accept submissions\n/results-channel - Define the results presentation room\n/apply-system - Turn on/disable application through a specific application\n[PREFIX]set-prefix - Change the bot prefix",
                "Owner": "[PREFIX]set-owner - Transfer ownership of the bot to another person\n[PREFIX]set-avatar - Change the bot avatar image\n[PREFIX]set-username - Change the bot name\n[PREFIX]time - To find out The time remaining until the subscription expires"
            },
            "Log": {
                "Admin": "[PREFIX]setup - setup the system on the server\n[PREFIX]set-prefix - changing the bot prefix",
                "Owner": "[PREFIX]set-owner - Transfer ownership of the bot to another person\n[PREFIX]set-avatar - Change the bot avatar image\n[PREFIX]set-username - Change the bot name\n[PREFIX]time - To find out The time remaining until the subscription expires"
            },
            "Tempchannel": {
                "Admin": "/setup - setup the system on the server\n[PREFIX]set-prefix - changing the bot prefix",
                "Owner": "[PREFIX]set-owner - Transfer ownership of the bot to another person\n[PREFIX]set-avatar - Change the bot avatar image\n[PREFIX]set-username - Change the bot name\n[PREFIX]time - To find out The time remaining until the subscription expires"
            },
            "Selfrole": {
                "Admin": "/setup - Create a new panal to collect roles\n/manage - Edit a specific panal\n[PREFIX]set-prefix - Change the bot prefix",
                "Owner": "[PREFIX]set-owner - Transfer ownership of the bot to another person\n[PREFIX]set-avatar - Change the bot avatar image\n[PREFIX]set-username - Change the bot name\n[PREFIX]time - To find out The time remaining until the subscription expires"
            }
        }
    }
}